username,songTitle,artistName,albumTitle,likeDate
user_0,Song_0,Artist_0,Album_0,2024-12-26
user_1,Song_1,Artist_1,Album_1,2021-01-20
user_2,Song_2,Artist_2,Album_2,2022-09-20
user_3,Song_3,Artist_3,Album_3,2021-12-21
user_4,Song_4,Artist_4,Album_4,2021-08-01
user_5,Song_5,Artist_5,Album_5,2023-01-26
user_6,Song_6,Artist_6,Album_6,2023-09-11
user_7,Song_7,Artist_7,Album_7,2023-07-31
user_8,Song_8,Artist_8,Album_8,2022-07-10
user_9,Song_9,Artist_9,Album_9,2022-11-10
user_10,Song_10,Artist_10,Album_10,2024-01-06
user_11,Song_11,Artist_11,Album_11,2021-06-17
user_12,Song_12,Artist_12,Album_12,2021-06-27
user_13,Song_13,Artist_13,Album_13,2020-08-01
user_14,Song_14,Artist_14,Album_14,2020-07-24
user_15,Song_15,Artist_15,Album_15,2023-12-20
user_16,Song_16,Artist_16,Album_16,2022-11-01
user_17,Song_17,Artist_17,Album_17,2022-09-08
user_18,Song_18,Artist_18,Album_18,2024-08-19
user_19,Song_19,Artist_19,Album_19,2021-04-28
user_20,Song_20,Artist_20,Album_20,2020-05-22
user_21,Song_21,Artist_21,Album_21,2021-03-16
user_22,Song_22,Artist_22,Album_22,2024-07-17
user_23,Song_23,Artist_23,Album_23,2023-09-16
user_24,Song_24,Artist_24,Album_24,2021-08-06
user_25,Song_25,Artist_25,Album_25,2022-04-13
user_26,Song_26,Artist_26,Album_26,2020-03-09
user_27,Song_27,Artist_27,Album_27,2023-02-11
user_28,Song_28,Artist_28,Album_28,2023-11-07
user_29,Song_29,Artist_29,Album_29,2023-12-10
user_30,Song_30,Artist_30,Album_30,2024-09-24
user_31,Song_31,Artist_31,Album_31,2024-01-25
user_32,Song_32,Artist_32,Album_32,2023-08-24
user_33,Song_33,Artist_33,Album_33,2021-09-26
user_34,Song_34,Artist_34,Album_34,2022-10-25
user_35,Song_35,Artist_35,Album_35,2022-04-12
user_36,Song_36,Artist_36,Album_36,2023-12-12
user_37,Song_37,Artist_37,Album_37,2022-05-08
user_38,Song_38,Artist_38,Album_38,2022-08-19
user_39,Song_39,Artist_39,Album_39,2024-04-08
user_40,Song_40,Artist_40,Album_40,2024-03-01
user_41,Song_41,Artist_41,Album_41,2021-07-19
user_42,Song_42,Artist_42,Album_42,2021-07-06
user_43,Song_43,Artist_43,Album_43,2021-07-07
user_44,Song_44,Artist_44,Album_44,2021-06-25
user_45,Song_45,Artist_45,Album_45,2023-07-02
user_46,Song_46,Artist_46,Album_46,2024-05-25
user_47,Song_47,Artist_47,Album_47,2024-04-18
user_48,Song_48,Artist_48,Album_48,2020-06-24
user_49,Song_49,Artist_49,Album_49,2023-04-06
user_50,Song_50,Artist_50,Album_50,2023-04-30
user_51,Song_51,Artist_51,Album_51,2023-06-15
user_52,Song_52,Artist_52,Album_52,2021-08-22
user_53,Song_53,Artist_53,Album_53,2024-05-22
user_54,Song_54,Artist_54,Album_54,2024-05-02
user_55,Song_55,Artist_55,Album_55,2024-09-02
user_56,Song_56,Artist_56,Album_56,2024-08-18
user_57,Song_57,Artist_57,Album_57,2020-10-06
user_58,Song_58,Artist_58,Album_58,2024-10-18
user_59,Song_59,Artist_59,Album_59,2020-10-29
user_60,Song_60,Artist_60,Album_60,2022-11-28
user_61,Song_61,Artist_61,Album_61,2023-10-14
user_62,Song_62,Artist_62,Album_62,2022-06-12
user_63,Song_63,Artist_63,Album_63,2022-06-07
user_64,Song_64,Artist_64,Album_64,2024-03-10
user_65,Song_65,Artist_65,Album_65,2020-03-27
user_66,Song_66,Artist_66,Album_66,2022-06-19
user_67,Song_67,Artist_67,Album_67,2021-06-18
user_68,Song_68,Artist_68,Album_68,2021-01-25
user_69,Song_69,Artist_69,Album_69,2024-07-11
user_70,Song_70,Artist_70,Album_70,2021-03-17
user_71,Song_71,Artist_71,Album_71,2024-07-20
user_72,Song_72,Artist_72,Album_72,2023-05-16
user_73,Song_73,Artist_73,Album_73,2020-07-14
user_74,Song_74,Artist_74,Album_74,2022-02-14
user_75,Song_75,Artist_75,Album_75,2020-07-20
user_76,Song_76,Artist_76,Album_76,2022-01-06
user_77,Song_77,Artist_77,Album_77,2023-07-22
user_78,Song_78,Artist_78,Album_78,2021-05-21
user_79,Song_79,Artist_79,Album_79,2020-12-02
user_80,Song_80,Artist_80,Album_80,2020-06-09
user_81,Song_81,Artist_81,Album_81,2024-12-12
user_82,Song_82,Artist_82,Album_82,2024-10-11
user_83,Song_83,Artist_83,Album_83,2023-11-29
user_84,Song_84,Artist_84,Album_84,2023-03-09
user_85,Song_85,Artist_85,Album_85,2023-05-22
user_86,Song_86,Artist_86,Album_86,2021-10-23
user_87,Song_87,Artist_87,Album_87,2024-11-15
user_88,Song_88,Artist_88,Album_88,2024-08-01
user_89,Song_89,Artist_89,Album_89,2021-02-13
user_90,Song_90,Artist_90,Album_90,2022-09-15
user_91,Song_91,Artist_91,Album_91,2021-07-22
user_92,Song_92,Artist_92,Album_92,2021-06-11
user_93,Song_93,Artist_93,Album_93,2022-02-04
user_94,Song_94,Artist_94,Album_94,2024-02-17
user_95,Song_95,Artist_95,Album_95,2023-01-09
user_96,Song_96,Artist_96,Album_96,2022-03-14
user_97,Song_97,Artist_97,Album_97,2024-01-09
user_98,Song_98,Artist_98,Album_98,2022-10-16
user_99,Song_99,Artist_99,Album_99,2021-06-29
user_100,Song_100,Artist_100,Album_100,2023-08-15
user_101,Song_101,Artist_101,Album_101,2023-03-01
user_102,Song_102,Artist_102,Album_102,2020-03-24
user_103,Song_103,Artist_103,Album_103,2020-11-08
user_104,Song_104,Artist_104,Album_104,2022-11-28
user_105,Song_105,Artist_105,Album_105,2023-06-03
user_106,Song_106,Artist_106,Album_106,2024-07-26
user_107,Song_107,Artist_107,Album_107,2022-05-28
user_108,Song_108,Artist_108,Album_108,2020-01-27
user_109,Song_109,Artist_109,Album_109,2022-07-14
user_110,Song_110,Artist_110,Album_110,2021-05-11
user_111,Song_111,Artist_111,Album_111,2020-08-12
user_112,Song_112,Artist_112,Album_112,2024-05-29
user_113,Song_113,Artist_113,Album_113,2023-01-10
user_114,Song_114,Artist_114,Album_114,2024-01-11
user_115,Song_115,Artist_115,Album_115,2023-01-06
user_116,Song_116,Artist_116,Album_116,2020-09-25
user_117,Song_117,Artist_117,Album_117,2020-01-06
user_118,Song_118,Artist_118,Album_118,2024-03-13
user_119,Song_119,Artist_119,Album_119,2022-08-11
user_120,Song_120,Artist_120,Album_120,2023-08-27
user_121,Song_121,Artist_121,Album_121,2021-01-29
user_122,Song_122,Artist_122,Album_122,2024-07-21
user_123,Song_123,Artist_123,Album_123,2024-11-04
user_124,Song_124,Artist_124,Album_124,2021-09-07
user_125,Song_125,Artist_125,Album_125,2021-03-26
user_126,Song_126,Artist_126,Album_126,2023-01-02
user_127,Song_127,Artist_127,Album_127,2023-01-05
user_128,Song_128,Artist_128,Album_128,2021-06-17
user_129,Song_129,Artist_129,Album_129,2021-04-01
user_130,Song_130,Artist_130,Album_130,2024-10-17
user_131,Song_131,Artist_131,Album_131,2020-08-30
user_132,Song_132,Artist_132,Album_132,2022-12-13
user_133,Song_133,Artist_133,Album_133,2022-04-02
user_134,Song_134,Artist_134,Album_134,2023-09-30
user_135,Song_135,Artist_135,Album_135,2023-04-29
user_136,Song_136,Artist_136,Album_136,2020-01-28
user_137,Song_137,Artist_137,Album_137,2021-01-08
user_138,Song_138,Artist_138,Album_138,2023-03-05
user_139,Song_139,Artist_139,Album_139,2022-10-09
user_140,Song_140,Artist_140,Album_140,2021-07-12
user_141,Song_141,Artist_141,Album_141,2024-07-10
user_142,Song_142,Artist_142,Album_142,2023-08-05
user_143,Song_143,Artist_143,Album_143,2022-02-09
user_144,Song_144,Artist_144,Album_144,2020-02-15
user_145,Song_145,Artist_145,Album_145,2020-03-08
user_146,Song_146,Artist_146,Album_146,2020-01-02
user_147,Song_147,Artist_147,Album_147,2024-10-22
user_148,Song_148,Artist_148,Album_148,2020-06-27
user_149,Song_149,Artist_149,Album_149,2024-04-21
user_150,Song_150,Artist_150,Album_150,2022-10-24
user_151,Song_151,Artist_151,Album_151,2023-03-31
user_152,Song_152,Artist_152,Album_152,2021-04-23
user_153,Song_153,Artist_153,Album_153,2023-10-03
user_154,Song_154,Artist_154,Album_154,2024-03-16
user_155,Song_155,Artist_155,Album_155,2020-02-02
user_156,Song_156,Artist_156,Album_156,2020-03-06
user_157,Song_157,Artist_157,Album_157,2022-09-19
user_158,Song_158,Artist_158,Album_158,2022-01-18
user_159,Song_159,Artist_159,Album_159,2021-08-03
user_160,Song_160,Artist_160,Album_160,2023-05-29
user_161,Song_161,Artist_161,Album_161,2020-09-15
user_162,Song_162,Artist_162,Album_162,2023-03-18
user_163,Song_163,Artist_163,Album_163,2021-05-21
user_164,Song_164,Artist_164,Album_164,2022-11-11
user_165,Song_165,Artist_165,Album_165,2022-07-29
user_166,Song_166,Artist_166,Album_166,2023-11-15
user_167,Song_167,Artist_167,Album_167,2020-07-07
user_168,Song_168,Artist_168,Album_168,2020-04-23
user_169,Song_169,Artist_169,Album_169,2022-02-20
user_170,Song_170,Artist_170,Album_170,2023-10-19
user_171,Song_171,Artist_171,Album_171,2020-09-10
user_172,Song_172,Artist_172,Album_172,2022-06-03
user_173,Song_173,Artist_173,Album_173,2024-05-04
user_174,Song_174,Artist_174,Album_174,2023-10-08
user_175,Song_175,Artist_175,Album_175,2024-01-06
user_176,Song_176,Artist_176,Album_176,2021-02-18
user_177,Song_177,Artist_177,Album_177,2020-04-18
user_178,Song_178,Artist_178,Album_178,2024-10-13
user_179,Song_179,Artist_179,Album_179,2022-08-07
user_180,Song_180,Artist_180,Album_180,2022-08-21
user_181,Song_181,Artist_181,Album_181,2022-04-28
user_182,Song_182,Artist_182,Album_182,2024-10-27
user_183,Song_183,Artist_183,Album_183,2023-08-27
user_184,Song_184,Artist_184,Album_184,2024-07-07
user_185,Song_185,Artist_185,Album_185,2020-04-02
user_186,Song_186,Artist_186,Album_186,2021-09-29
user_187,Song_187,Artist_187,Album_187,2023-04-20
user_188,Song_188,Artist_188,Album_188,2020-08-25
user_189,Song_189,Artist_189,Album_189,2021-06-16
user_190,Song_190,Artist_190,Album_190,2024-07-25
user_191,Song_191,Artist_191,Album_191,2023-04-05
user_192,Song_192,Artist_192,Album_192,2024-10-06
user_193,Song_193,Artist_193,Album_193,2022-07-08
user_194,Song_194,Artist_194,Album_194,2021-02-21
user_195,Song_195,Artist_195,Album_195,2022-12-22
user_196,Song_196,Artist_196,Album_196,2022-02-01
user_197,Song_197,Artist_197,Album_197,2023-08-27
user_198,Song_198,Artist_198,Album_198,2021-01-18
user_199,Song_199,Artist_199,Album_199,2023-07-25
user_200,Song_200,Artist_200,Album_200,2021-04-04
user_201,Song_201,Artist_201,Album_201,2020-10-14
user_202,Song_202,Artist_202,Album_202,2022-01-06
user_203,Song_203,Artist_203,Album_203,2021-09-01
user_204,Song_204,Artist_204,Album_204,2020-11-16
user_205,Song_205,Artist_205,Album_205,2020-08-17
user_206,Song_206,Artist_206,Album_206,2022-01-22
user_207,Song_207,Artist_207,Album_207,2022-06-06
user_208,Song_208,Artist_208,Album_208,2021-11-28
user_209,Song_209,Artist_209,Album_209,2022-10-11
user_210,Song_210,Artist_210,Album_210,2022-02-23
user_211,Song_211,Artist_211,Album_211,2024-04-18
user_212,Song_212,Artist_212,Album_212,2024-03-19
user_213,Song_213,Artist_213,Album_213,2020-06-14
user_214,Song_214,Artist_214,Album_214,2023-03-26
user_215,Song_215,Artist_215,Album_215,2023-01-06
user_216,Song_216,Artist_216,Album_216,2022-06-22
user_217,Song_217,Artist_217,Album_217,2020-02-18
user_218,Song_218,Artist_218,Album_218,2023-11-17
user_219,Song_219,Artist_219,Album_219,2023-10-30
user_220,Song_220,Artist_220,Album_220,2020-11-03
user_221,Song_221,Artist_221,Album_221,2022-08-12
user_222,Song_222,Artist_222,Album_222,2023-03-09
user_223,Song_223,Artist_223,Album_223,2020-10-03
user_224,Song_224,Artist_224,Album_224,2024-11-05
user_225,Song_225,Artist_225,Album_225,2022-12-20
user_226,Song_226,Artist_226,Album_226,2024-10-02
user_227,Song_227,Artist_227,Album_227,2021-07-06
user_228,Song_228,Artist_228,Album_228,2024-01-28
user_229,Song_229,Artist_229,Album_229,2022-07-31
user_230,Song_230,Artist_230,Album_230,2023-04-27
user_231,Song_231,Artist_231,Album_231,2022-07-20
user_232,Song_232,Artist_232,Album_232,2020-06-18
user_233,Song_233,Artist_233,Album_233,2020-02-14
user_234,Song_234,Artist_234,Album_234,2020-06-08
user_235,Song_235,Artist_235,Album_235,2022-04-10
user_236,Song_236,Artist_236,Album_236,2023-08-27
user_237,Song_237,Artist_237,Album_237,2023-07-16
user_238,Song_238,Artist_238,Album_238,2021-10-22
user_239,Song_239,Artist_239,Album_239,2020-01-28
user_240,Song_240,Artist_240,Album_240,2020-07-02
user_241,Song_241,Artist_241,Album_241,2023-09-29
user_242,Song_242,Artist_242,Album_242,2020-05-30
user_243,Song_243,Artist_243,Album_243,2024-07-23
user_244,Song_244,Artist_244,Album_244,2021-05-09
user_245,Song_245,Artist_245,Album_245,2021-06-18
user_246,Song_246,Artist_246,Album_246,2023-01-10
user_247,Song_247,Artist_247,Album_247,2020-05-22
user_248,Song_248,Artist_248,Album_248,2024-12-25
user_249,Song_249,Artist_249,Album_249,2021-09-19
user_250,Song_250,Artist_250,Album_250,2022-05-21
user_251,Song_251,Artist_251,Album_251,2021-09-08
user_252,Song_252,Artist_252,Album_252,2021-03-31
user_253,Song_253,Artist_253,Album_253,2023-06-12
user_254,Song_254,Artist_254,Album_254,2024-12-28
user_255,Song_255,Artist_255,Album_255,2024-06-21
user_256,Song_256,Artist_256,Album_256,2022-09-22
user_257,Song_257,Artist_257,Album_257,2021-06-17
user_258,Song_258,Artist_258,Album_258,2020-08-24
user_259,Song_259,Artist_259,Album_259,2020-07-05
user_260,Song_260,Artist_260,Album_260,2023-01-01
user_261,Song_261,Artist_261,Album_261,2021-12-21
user_262,Song_262,Artist_262,Album_262,2021-01-23
user_263,Song_263,Artist_263,Album_263,2022-08-25
user_264,Song_264,Artist_264,Album_264,2024-09-03
user_265,Song_265,Artist_265,Album_265,2021-11-11
user_266,Song_266,Artist_266,Album_266,2021-01-21
user_267,Song_267,Artist_267,Album_267,2023-06-17
user_268,Song_268,Artist_268,Album_268,2023-10-31
user_269,Song_269,Artist_269,Album_269,2020-05-16
user_270,Song_270,Artist_270,Album_270,2021-09-23
user_271,Song_271,Artist_271,Album_271,2023-05-23
user_272,Song_272,Artist_272,Album_272,2021-08-22
user_273,Song_273,Artist_273,Album_273,2024-02-17
user_274,Song_274,Artist_274,Album_274,2020-07-29
user_275,Song_275,Artist_275,Album_275,2020-08-07
user_276,Song_276,Artist_276,Album_276,2022-08-05
user_277,Song_277,Artist_277,Album_277,2020-02-25
user_278,Song_278,Artist_278,Album_278,2020-04-27
user_279,Song_279,Artist_279,Album_279,2023-02-03
user_280,Song_280,Artist_280,Album_280,2020-03-08
user_281,Song_281,Artist_281,Album_281,2024-11-09
user_282,Song_282,Artist_282,Album_282,2020-07-25
user_283,Song_283,Artist_283,Album_283,2021-09-03
user_284,Song_284,Artist_284,Album_284,2024-06-07
user_285,Song_285,Artist_285,Album_285,2024-04-10
user_286,Song_286,Artist_286,Album_286,2023-05-09
user_287,Song_287,Artist_287,Album_287,2024-02-03
user_288,Song_288,Artist_288,Album_288,2023-03-01
user_289,Song_289,Artist_289,Album_289,2020-06-13
user_290,Song_290,Artist_290,Album_290,2022-11-01
user_291,Song_291,Artist_291,Album_291,2023-04-06
user_292,Song_292,Artist_292,Album_292,2021-08-30
user_293,Song_293,Artist_293,Album_293,2020-01-03
user_294,Song_294,Artist_294,Album_294,2021-11-05
user_295,Song_295,Artist_295,Album_295,2024-09-07
user_296,Song_296,Artist_296,Album_296,2020-10-29
user_297,Song_297,Artist_297,Album_297,2020-01-19
user_298,Song_298,Artist_298,Album_298,2023-04-09
user_299,Song_299,Artist_299,Album_299,2024-11-04
