genreName,songTitle,artistName,albumTitle
Genre_0,Song_0,Artist_0,Album_0
Genre_1,Song_1,Artist_1,Album_1
Genre_2,Song_2,Artist_2,Album_2
Genre_3,Song_3,Artist_3,Album_3
Genre_4,Song_4,Artist_4,Album_4
Genre_5,Song_5,Artist_5,Album_5
Genre_6,Song_6,Artist_6,Album_6
Genre_7,Song_7,Artist_7,Album_7
Genre_8,Song_8,Artist_8,Album_8
Genre_9,Song_9,Artist_9,Album_9
Genre_10,Song_10,Artist_10,Album_10
Genre_11,Song_11,Artist_11,Album_11
Genre_12,Song_12,Artist_12,Album_12
Genre_13,Song_13,Artist_13,Album_13
Genre_14,Song_14,Artist_14,Album_14
Genre_15,Song_15,Artist_15,Album_15
Genre_16,Song_16,Artist_16,Album_16
Genre_17,Song_17,Artist_17,Album_17
Genre_18,Song_18,Artist_18,Album_18
Genre_19,Song_19,Artist_19,Album_19
Genre_20,Song_20,Artist_20,Album_20
Genre_21,Song_21,Artist_21,Album_21
Genre_22,Song_22,Artist_22,Album_22
Genre_23,Song_23,Artist_23,Album_23
Genre_24,Song_24,Artist_24,Album_24
Genre_25,Song_25,Artist_25,Album_25
Genre_26,Song_26,Artist_26,Album_26
Genre_27,Song_27,Artist_27,Album_27
Genre_28,Song_28,Artist_28,Album_28
Genre_29,Song_29,Artist_29,Album_29
Genre_30,Song_30,Artist_30,Album_30
Genre_31,Song_31,Artist_31,Album_31
Genre_32,Song_32,Artist_32,Album_32
Genre_33,Song_33,Artist_33,Album_33
Genre_34,Song_34,Artist_34,Album_34
Genre_35,Song_35,Artist_35,Album_35
Genre_36,Song_36,Artist_36,Album_36
Genre_37,Song_37,Artist_37,Album_37
Genre_38,Song_38,Artist_38,Album_38
Genre_39,Song_39,Artist_39,Album_39
Genre_40,Song_40,Artist_40,Album_40
Genre_41,Song_41,Artist_41,Album_41
Genre_42,Song_42,Artist_42,Album_42
Genre_43,Song_43,Artist_43,Album_43
Genre_44,Song_44,Artist_44,Album_44
Genre_45,Song_45,Artist_45,Album_45
Genre_46,Song_46,Artist_46,Album_46
Genre_47,Song_47,Artist_47,Album_47
Genre_48,Song_48,Artist_48,Album_48
Genre_49,Song_49,Artist_49,Album_49
Genre_50,Song_50,Artist_50,Album_50
Genre_51,Song_51,Artist_51,Album_51
Genre_52,Song_52,Artist_52,Album_52
Genre_53,Song_53,Artist_53,Album_53
Genre_54,Song_54,Artist_54,Album_54
Genre_55,Song_55,Artist_55,Album_55
Genre_56,Song_56,Artist_56,Album_56
Genre_57,Song_57,Artist_57,Album_57
Genre_58,Song_58,Artist_58,Album_58
Genre_59,Song_59,Artist_59,Album_59
Genre_60,Song_60,Artist_60,Album_60
Genre_61,Song_61,Artist_61,Album_61
Genre_62,Song_62,Artist_62,Album_62
Genre_63,Song_63,Artist_63,Album_63
Genre_64,Song_64,Artist_64,Album_64
Genre_65,Song_65,Artist_65,Album_65
Genre_66,Song_66,Artist_66,Album_66
Genre_67,Song_67,Artist_67,Album_67
Genre_68,Song_68,Artist_68,Album_68
Genre_69,Song_69,Artist_69,Album_69
Genre_70,Song_70,Artist_70,Album_70
Genre_71,Song_71,Artist_71,Album_71
Genre_72,Song_72,Artist_72,Album_72
Genre_73,Song_73,Artist_73,Album_73
Genre_74,Song_74,Artist_74,Album_74
Genre_75,Song_75,Artist_75,Album_75
Genre_76,Song_76,Artist_76,Album_76
Genre_77,Song_77,Artist_77,Album_77
Genre_78,Song_78,Artist_78,Album_78
Genre_79,Song_79,Artist_79,Album_79
Genre_80,Song_80,Artist_80,Album_80
Genre_81,Song_81,Artist_81,Album_81
Genre_82,Song_82,Artist_82,Album_82
Genre_83,Song_83,Artist_83,Album_83
Genre_84,Song_84,Artist_84,Album_84
Genre_85,Song_85,Artist_85,Album_85
Genre_86,Song_86,Artist_86,Album_86
Genre_87,Song_87,Artist_87,Album_87
Genre_88,Song_88,Artist_88,Album_88
Genre_89,Song_89,Artist_89,Album_89
Genre_90,Song_90,Artist_90,Album_90
Genre_91,Song_91,Artist_91,Album_91
Genre_92,Song_92,Artist_92,Album_92
Genre_93,Song_93,Artist_93,Album_93
Genre_94,Song_94,Artist_94,Album_94
Genre_95,Song_95,Artist_95,Album_95
Genre_96,Song_96,Artist_96,Album_96
Genre_97,Song_97,Artist_97,Album_97
Genre_98,Song_98,Artist_98,Album_98
Genre_99,Song_99,Artist_99,Album_99
Genre_100,Song_100,Artist_100,Album_100
Genre_101,Song_101,Artist_101,Album_101
Genre_102,Song_102,Artist_102,Album_102
Genre_103,Song_103,Artist_103,Album_103
Genre_104,Song_104,Artist_104,Album_104
Genre_105,Song_105,Artist_105,Album_105
Genre_106,Song_106,Artist_106,Album_106
Genre_107,Song_107,Artist_107,Album_107
Genre_108,Song_108,Artist_108,Album_108
Genre_109,Song_109,Artist_109,Album_109
Genre_110,Song_110,Artist_110,Album_110
Genre_111,Song_111,Artist_111,Album_111
Genre_112,Song_112,Artist_112,Album_112
Genre_113,Song_113,Artist_113,Album_113
Genre_114,Song_114,Artist_114,Album_114
Genre_115,Song_115,Artist_115,Album_115
Genre_116,Song_116,Artist_116,Album_116
Genre_117,Song_117,Artist_117,Album_117
Genre_118,Song_118,Artist_118,Album_118
Genre_119,Song_119,Artist_119,Album_119
Genre_120,Song_120,Artist_120,Album_120
Genre_121,Song_121,Artist_121,Album_121
Genre_122,Song_122,Artist_122,Album_122
Genre_123,Song_123,Artist_123,Album_123
Genre_124,Song_124,Artist_124,Album_124
Genre_125,Song_125,Artist_125,Album_125
Genre_126,Song_126,Artist_126,Album_126
Genre_127,Song_127,Artist_127,Album_127
Genre_128,Song_128,Artist_128,Album_128
Genre_129,Song_129,Artist_129,Album_129
Genre_130,Song_130,Artist_130,Album_130
Genre_131,Song_131,Artist_131,Album_131
Genre_132,Song_132,Artist_132,Album_132
Genre_133,Song_133,Artist_133,Album_133
Genre_134,Song_134,Artist_134,Album_134
Genre_135,Song_135,Artist_135,Album_135
Genre_136,Song_136,Artist_136,Album_136
Genre_137,Song_137,Artist_137,Album_137
Genre_138,Song_138,Artist_138,Album_138
Genre_139,Song_139,Artist_139,Album_139
Genre_140,Song_140,Artist_140,Album_140
Genre_141,Song_141,Artist_141,Album_141
Genre_142,Song_142,Artist_142,Album_142
Genre_143,Song_143,Artist_143,Album_143
Genre_144,Song_144,Artist_144,Album_144
Genre_145,Song_145,Artist_145,Album_145
Genre_146,Song_146,Artist_146,Album_146
Genre_147,Song_147,Artist_147,Album_147
Genre_148,Song_148,Artist_148,Album_148
Genre_149,Song_149,Artist_149,Album_149
Genre_150,Song_150,Artist_150,Album_150
Genre_151,Song_151,Artist_151,Album_151
Genre_152,Song_152,Artist_152,Album_152
Genre_153,Song_153,Artist_153,Album_153
Genre_154,Song_154,Artist_154,Album_154
Genre_155,Song_155,Artist_155,Album_155
Genre_156,Song_156,Artist_156,Album_156
Genre_157,Song_157,Artist_157,Album_157
Genre_158,Song_158,Artist_158,Album_158
Genre_159,Song_159,Artist_159,Album_159
Genre_160,Song_160,Artist_160,Album_160
Genre_161,Song_161,Artist_161,Album_161
Genre_162,Song_162,Artist_162,Album_162
Genre_163,Song_163,Artist_163,Album_163
Genre_164,Song_164,Artist_164,Album_164
Genre_165,Song_165,Artist_165,Album_165
Genre_166,Song_166,Artist_166,Album_166
Genre_167,Song_167,Artist_167,Album_167
Genre_168,Song_168,Artist_168,Album_168
Genre_169,Song_169,Artist_169,Album_169
Genre_170,Song_170,Artist_170,Album_170
Genre_171,Song_171,Artist_171,Album_171
Genre_172,Song_172,Artist_172,Album_172
Genre_173,Song_173,Artist_173,Album_173
Genre_174,Song_174,Artist_174,Album_174
Genre_175,Song_175,Artist_175,Album_175
Genre_176,Song_176,Artist_176,Album_176
Genre_177,Song_177,Artist_177,Album_177
Genre_178,Song_178,Artist_178,Album_178
Genre_179,Song_179,Artist_179,Album_179
Genre_180,Song_180,Artist_180,Album_180
Genre_181,Song_181,Artist_181,Album_181
Genre_182,Song_182,Artist_182,Album_182
Genre_183,Song_183,Artist_183,Album_183
Genre_184,Song_184,Artist_184,Album_184
Genre_185,Song_185,Artist_185,Album_185
Genre_186,Song_186,Artist_186,Album_186
Genre_187,Song_187,Artist_187,Album_187
Genre_188,Song_188,Artist_188,Album_188
Genre_189,Song_189,Artist_189,Album_189
Genre_190,Song_190,Artist_190,Album_190
Genre_191,Song_191,Artist_191,Album_191
Genre_192,Song_192,Artist_192,Album_192
Genre_193,Song_193,Artist_193,Album_193
Genre_194,Song_194,Artist_194,Album_194
Genre_195,Song_195,Artist_195,Album_195
Genre_196,Song_196,Artist_196,Album_196
Genre_197,Song_197,Artist_197,Album_197
Genre_198,Song_198,Artist_198,Album_198
Genre_199,Song_199,Artist_199,Album_199
Genre_200,Song_200,Artist_200,Album_200
Genre_201,Song_201,Artist_201,Album_201
Genre_202,Song_202,Artist_202,Album_202
Genre_203,Song_203,Artist_203,Album_203
Genre_204,Song_204,Artist_204,Album_204
Genre_205,Song_205,Artist_205,Album_205
Genre_206,Song_206,Artist_206,Album_206
Genre_207,Song_207,Artist_207,Album_207
Genre_208,Song_208,Artist_208,Album_208
Genre_209,Song_209,Artist_209,Album_209
Genre_210,Song_210,Artist_210,Album_210
Genre_211,Song_211,Artist_211,Album_211
Genre_212,Song_212,Artist_212,Album_212
Genre_213,Song_213,Artist_213,Album_213
Genre_214,Song_214,Artist_214,Album_214
Genre_215,Song_215,Artist_215,Album_215
Genre_216,Song_216,Artist_216,Album_216
Genre_217,Song_217,Artist_217,Album_217
Genre_218,Song_218,Artist_218,Album_218
Genre_219,Song_219,Artist_219,Album_219
Genre_220,Song_220,Artist_220,Album_220
Genre_221,Song_221,Artist_221,Album_221
Genre_222,Song_222,Artist_222,Album_222
Genre_223,Song_223,Artist_223,Album_223
Genre_224,Song_224,Artist_224,Album_224
Genre_225,Song_225,Artist_225,Album_225
Genre_226,Song_226,Artist_226,Album_226
Genre_227,Song_227,Artist_227,Album_227
Genre_228,Song_228,Artist_228,Album_228
Genre_229,Song_229,Artist_229,Album_229
Genre_230,Song_230,Artist_230,Album_230
Genre_231,Song_231,Artist_231,Album_231
Genre_232,Song_232,Artist_232,Album_232
Genre_233,Song_233,Artist_233,Album_233
Genre_234,Song_234,Artist_234,Album_234
Genre_235,Song_235,Artist_235,Album_235
Genre_236,Song_236,Artist_236,Album_236
Genre_237,Song_237,Artist_237,Album_237
Genre_238,Song_238,Artist_238,Album_238
Genre_239,Song_239,Artist_239,Album_239
Genre_240,Song_240,Artist_240,Album_240
Genre_241,Song_241,Artist_241,Album_241
Genre_242,Song_242,Artist_242,Album_242
Genre_243,Song_243,Artist_243,Album_243
Genre_244,Song_244,Artist_244,Album_244
Genre_245,Song_245,Artist_245,Album_245
Genre_246,Song_246,Artist_246,Album_246
Genre_247,Song_247,Artist_247,Album_247
Genre_248,Song_248,Artist_248,Album_248
Genre_249,Song_249,Artist_249,Album_249
Genre_250,Song_250,Artist_250,Album_250
Genre_251,Song_251,Artist_251,Album_251
Genre_252,Song_252,Artist_252,Album_252
Genre_253,Song_253,Artist_253,Album_253
Genre_254,Song_254,Artist_254,Album_254
Genre_255,Song_255,Artist_255,Album_255
Genre_256,Song_256,Artist_256,Album_256
Genre_257,Song_257,Artist_257,Album_257
Genre_258,Song_258,Artist_258,Album_258
Genre_259,Song_259,Artist_259,Album_259
Genre_260,Song_260,Artist_260,Album_260
Genre_261,Song_261,Artist_261,Album_261
Genre_262,Song_262,Artist_262,Album_262
Genre_263,Song_263,Artist_263,Album_263
Genre_264,Song_264,Artist_264,Album_264
Genre_265,Song_265,Artist_265,Album_265
Genre_266,Song_266,Artist_266,Album_266
Genre_267,Song_267,Artist_267,Album_267
Genre_268,Song_268,Artist_268,Album_268
Genre_269,Song_269,Artist_269,Album_269
Genre_270,Song_270,Artist_270,Album_270
Genre_271,Song_271,Artist_271,Album_271
Genre_272,Song_272,Artist_272,Album_272
Genre_273,Song_273,Artist_273,Album_273
Genre_274,Song_274,Artist_274,Album_274
Genre_275,Song_275,Artist_275,Album_275
Genre_276,Song_276,Artist_276,Album_276
Genre_277,Song_277,Artist_277,Album_277
Genre_278,Song_278,Artist_278,Album_278
Genre_279,Song_279,Artist_279,Album_279
Genre_280,Song_280,Artist_280,Album_280
Genre_281,Song_281,Artist_281,Album_281
Genre_282,Song_282,Artist_282,Album_282
Genre_283,Song_283,Artist_283,Album_283
Genre_284,Song_284,Artist_284,Album_284
Genre_285,Song_285,Artist_285,Album_285
Genre_286,Song_286,Artist_286,Album_286
Genre_287,Song_287,Artist_287,Album_287
Genre_288,Song_288,Artist_288,Album_288
Genre_289,Song_289,Artist_289,Album_289
Genre_290,Song_290,Artist_290,Album_290
Genre_291,Song_291,Artist_291,Album_291
Genre_292,Song_292,Artist_292,Album_292
Genre_293,Song_293,Artist_293,Album_293
Genre_294,Song_294,Artist_294,Album_294
Genre_295,Song_295,Artist_295,Album_295
Genre_296,Song_296,Artist_296,Album_296
Genre_297,Song_297,Artist_297,Album_297
Genre_298,Song_298,Artist_298,Album_298
Genre_299,Song_299,Artist_299,Album_299
